dcg_mean,F-1,PaK_mean,recall_mean,precision_std,time,chunker
0.1909440587,0.09289888125,0.04940843814,0.7755985931,0.03988596403,0.1363301277,FixedToken
0.2492096807,0.1183909403,0.06426872134,0.7498972661,0.05831681344,0.5326375961,Recursive
0.1465216426,0.0708375371,0.03725073069,0.7201977476,0.04321504822,90.34344292,Kamradt
0.304142576,0.1420491217,0.0787167974,0.7268140984,0.06427004421,14.88902569,ClusterSemantic
0.7115943576,0.2856578853,0.1865378046,0.6095559624,0.1433547795,133.2035954,DualSemantic